Критерии,ВУЗы,,,,,,,,,,,
,НИУ ВШЭ филианл НН,,,,ННГУ,,,,Политех НГТУ,,,
,ТИДИ,,КНТ,,ПИ,,ПМИ,,ПИ,,ПМИ,
"Доп Баллы (за что дают, конкретные олимпиады и тп)","3 балла:
- Аттестат/диплом с отличием.
- Медаль «За особые успехи в учении».

10 баллов:
- «Абилимпикс».
- Военная служба.
- Статус чемпиона/призёра международных спортивных мероприятий.
- Победитель/призёр заключительного этапа ВсОШ и аналогичных олимпиад.

Одно из:
2 балла:
- «Доброволец России» / #МЫВМЕСТЕ.
- Волонтёрство ≥100 часов.
- «Экология — дело каждого».
- «Большая перемена».
- «Моя страна — моя Россия».
- Всероссийский конкурс молодёжных проектов.
- «Умножая таланты».
- Знак ГТО.

7 баллов:
- Спортивное звание.

5 баллов:
- Кандидат в мастера спорта.

Одно из:
6 баллов:
- Олимпиады школьников с БВИ/100 баллов.
- Региональный этап ВсОШ.
- «КЛЮЧ» (региональный этап).
- Нижегородская городская олимпиада.
- НОУ «Эврика».
- «В Вышку за проектом».

8 баллов:
- «КЛЮЧ» (суперфинал/финал).
- «Своими словами».
- «Высший пилотаж».

4 балла:
- «Угол».
- «Часы истории».
- «Пульсар-Хакатон».
- «Взгляд в будущее».
- Профориентационные мероприятия НЕЙМАРК.IT.",,,,"10 баллов:
- Аттестат/диплом с отличием, золотая или серебряная медаль.
- Статус чемпиона/призёра Олимпийских(Паралимпийских, Сурдлимпийских) игр, мира, Европы.
- Победители и призёры олимпиад школьников из Перечня Минобрнауки.
- Победители и призёры регионального этапа ВсОШ.

8 баллов:
- Победители чемпионата «Абилимпикс».
- Спортивное звание МСМК.

6 баллов:
- Диплом I степени конкурсов учебно-исследовательских работ ННГУ.
- Спортивное звание МС.

5 баллов:
- Победители городской конференции НОУ «Эврика»
- Участники регионального этапа ВсОШ.
- Победители конкурса «Большая перемена».
- Победители олимпиад и конкурсов из Перечня Минпросвещения РФ.
- Призёры чемпионата «Абилимпикс».

4 балла:
- Дипломы II и III степени конкурсов учебно-исследовательских работ ННГУ.
- Победители творческих конкурсов/фестивалей/олимпиад факультетов ННГУ.
- Волонтёрство от 4 лет (не менее 100 часов в год на dobro.ru).
- Спортивное звание КМС.

3 балла:
- Золотой знак ГТО.
- Участники заключительного этапа перечневых олимпиад школьников.
- Призёры конференции НОУ «Эврика».
- Призёры конкурса «Большая перемена».
- Призёры мероприятий из Перечня Минпросвещения РФ.
- Победители спортивного мероприятия «Кубок абитуриента ННГУ».
- Победители и призёры федерального этапа «Доброволец России».
- Волонтёрство от 3 лет (не менее 100 часов в год на dobro.ru).

2 балла:
- Серебряный или бронзовый знак ГТО.
- Победители и призёры муниципального (2-го) этапа ВсОШ.
- Призёры творческих конкурсов/фестивалей/олимпиад факультетов ННГУ.
- Участники конкурсов учебно-исследовательских работ ННГУ.
- Призёры «Кубка абитуриента ННГУ».
- Региональный знак за добровольчество / победитель регион. этапа «Доброволец России».
- Волонтёрство от 2 лет (не менее 100 часов в год на dobro.ru).

1 балл:
- Участники конференции НОУ «Эврика».
- Участники творческих конкурсов/фестивалей/олимпиад факультетов ННГУ.
- Участники мероприятий из Перечня Минпросвещения РФ.
- Участники «Кубка абитуриента ННГУ».
- Волонтёрство от 1 года (не менее 100 часов в год на dobro.ru).",,,,"10 баллов:
- Аттестат/диплом с отличием.
- Золотая или серебряная медаль «За особые успехи в учении».

9 баллов:
- Победитель регионального этапа ВсОШ.
- Победитель/призёр отборочного этапа олимпиад школьников из Перечня Минобрнауки РФ — I степень.
- Победитель «Абилимпикс».

8 баллов:
- Призёр регионального этапа ВсОШ — II степень.
- Победитель/призёр отборочного этапа олимпиад школьников из Перечня Минобрнауки РФ — II степень.
- Победитель/призёр олимпиад и конкурсов из Перечня Минпросвещения РФ — I степень.

7 баллов:
- Призёр регионального этапа ВсОШ — III степень.
- Победитель муниципального этапа ВсОШ — I степень.
- Победитель/призёр отборочного этапа олимпиад школьников из Перечня Минобрнауки РФ — III степень.
- Призёр «Абилимпикс».
- Победитель олимпиад и технических/интеллектуальных конкурсов, проводимых НГТУ — I степень.

6 баллов:
- Победитель муниципального этапа ВсОШ — II степень.
- Призёр олимпиад и технических/интеллектуальных конкурсов, проводимых НГТУ — II степень.
- Победитель/призёр олимпиад и конкурсов из Перечня Минпросвещения РФ — II степень.

5 баллов:
- Победитель муниципального этапа ВсОШ — III степень.
- Победитель/призёр олимпиад и конкурсов из Перечня Минпросвещения РФ — III степень.
- Победитель олимпиад и технических/интеллектуальных конкурсов НГТУ — III степень.
- Прохождение военной службы по контракту, военной службы по мобилизации, пребывание в добровольческих формированиях в соответствии с контрактом о добровольном содействии ВС РФ.
- Золотой знак ГТО.

4 балла:
- Серебряный знак ГТО.

3 балла:
- Бронзовый знак ГТО.
- Прохождение военной службы по призыву.
- Дополнительное образование по программам, соответствующим конкурсному профилю НГТУ, объёмом более 64 часов.

2 балла:
- Дополнительное образование по программам, соответствующим конкурсному профилю НГТУ, объёмом 33–64 часа.

1 балл:
- Результативное участие в мероприятиях, проводимых НГТУ.
- Дополнительное образование по программам, соответствующим конкурсному профилю НГТУ, объёмом 16–32 часа.",,,
Условия для БВИ (кроме ВОШ),"- Всероссийская междисциплинарная олимпиада школьников 8-11 классов «Национальная технологическая олимпиада»
- Московская олимпиада школьников
- Всероссийская олимпиада школьников «Высшая проба»
- Олимпиада школьников «Шаг в будущее»
- Отраслевая олимпиада школьников «Газпром»
- Олимпиада школьников «Физтех»
- Олимпиада школьников Санкт-Петербургского государственного университета
- Олимпиада школьников «Ломоносов»
- Всероссийский конкурс научных работ школьников «Юниор»
- Открытая олимпиада школьников по программированию «Когнитивные технологии»
- Открытая олимпиада школьников по программированию
- Открытая олимпиада школьников
- Олимпиада школьников по программированию «ТехноКубок»
- Олимпиада школьников по информатике и программированию
- Олимпиада школьников «Гранит науки»
- Международная олимпиада школьников Уральского федерального университета «Изумруд»
- Международная олимпиада «Innopolis Open»
- Вузовско-академическая олимпиада по информатике
- Всесибирская открытая олимпиада школьников
- Олимпиада школьников «Покори Воробьевы горы!»
- Олимпиада Курчатов
- Объединенная межвузовская олимпиада школьников
- Межрегиональная олимпиада школьников «Будущие исследователи — будущее науки»
- «Формула Единства»/«Третье тысячелетие»
- Межрегиональная олимпиада школьников имени И.Я. Верченко
- Всероссийская олимпиада по искусственному интеллекту
- Отраслевая физико-математическая олимпиада школьников «Росатом»
- Межрегиональные предметные олимпиады федерального государственного автономного образовательного учреждения высшего образования «Казанский (Приволжский) федеральный университет»
- Университетская олимпиада школьников «Бельчонок»
- Олимпиада школьников «Высокие технологии и материалы будущего»
- Всероссийская Толстовская олимпиада школьников
- Олимпиада школьников Российской академии народного хозяйства и государственной службы при Президенте Российской Федерации
- Региональный конкурс школьников Челябинского университетского образовательного округа
- Государственный аудит
- Океан знаний
- Олимпиада РГГУ для школьников
- Межрегиональная олимпиада школьников «САММАТ»
- Олимпиада школьников «Надежда энергетики»
- Межрегиональная олимпиада школьников на базе ведомственных образовательных организаций
- Всероссийская олимпиада школьников «Миссия выполнима. Твое призвание — финансист!»
- Турнир имени М.В. Ломоносова
- Турнир городов
- Санкт-Петербургская олимпиада школьников
- Олимпиада Юношеской математической школы
- Многопрофильная инженерная олимпиада «Звезда»
- Оборонно-техническая олимпиада
- Городская открытая олимпиада школьников по физике
- Инженерная олимпиада школьников
- Интернет-олимпиада школьников по физике
- Олимпиада школьников «Робофест»
- Открытая межвузовская олимпиада школьников Сибирского федерального округа «Будущее Сибири»
- Твой путь в настоящую науку
- «Наследники Левши»
- Открытая региональная межвузовская олимпиада школьников (ОРМО) с международным участием",,,,"- Всероссийская междисциплинарная олимпиада школьников «Национальная технологическая олимпиада»
- Московская олимпиада школьников
- Всероссийская олимпиада школьников «Высшая проба»
- Олимпиада школьников «Шаг в будущее»
- Отраслевая олимпиада школьников «Газпром»
- Олимпиада школьников «Физтех»
- Олимпиада школьников Санкт-Петербургского государственного университета
- Олимпиада школьников «Ломоносов»
- Всероссийский конкурс научных работ школьников «Юниор»
- Открытая олимпиада школьников по программированию «Когнитивные технологии»
- Открытая олимпиада школьников по программированию
- Открытая олимпиада школьников
- Олимпиада школьников по программированию «ТехноКубок»
- Олимпиада школьников по информатике и программированию
- Олимпиада школьников «Гранит науки»
- Международная олимпиада школьников Уральского федерального университета «Изумруд»
- Международная олимпиада «Innopolis Open»
- Вузовско-академическая олимпиада по информатике
- Всесибирская открытая олимпиада школьников
- Олимпиада школьников «Покори Воробьевы горы!»
- Олимпиада «Курчатов»
- Объединенная межвузовская олимпиада школьников
- Межрегиональная олимпиада школьников «Будущие исследователи — будущее науки»
- «Формула Единства» / «Третье тысячелетие»
- Межрегиональная олимпиада школьников имени И.Я. Верченко
- Всероссийская олимпиада по искусственному интеллекту
- Отраслевая физико-математическая олимпиада школьников «Росатом»
- Межрегиональные предметные олимпиады КФУ
- Университетская олимпиада школьников «Бельчонок»
- Олимпиада школьников «Высокие технологии и материалы будущего»
- Межрегиональная олимпиада школьников «САММАТ»
- Олимпиада школьников «Надежда энергетики»
- Межрегиональная олимпиада школьников на базе ведомственных образовательных организаций
- Турнир имени М.В. Ломоносова
- Турнир городов
- Санкт-Петербургская олимпиада школьников
- Олимпиада Юношеской математической школы
- Многопрофильная инженерная олимпиада «Звезда»
- Оборонно-техническая олимпиада
- Городская открытая олимпиада школьников по физике
- Инженерная олимпиада школьников
- Интернет-олимпиада школьников по физике
- Олимпиада школьников «Робофест»
- Открытая межвузовская олимпиада школьников Сибирского федерального округа «Будущее Сибири»
- «Наследники Левши»
- Открытая региональная межвузовская олимпиада школьников (ОРМО)",,,,"- «Формула Единства» / «Третье тысячелетие»
- Всероссийская междисциплинарная олимпиада школьников «Национальная технологическая олимпиада»
- Олимпиада школьников «Высшая проба»
- Всесибирская открытая олимпиада школьников
- Вузовско-академическая олимпиада по информатике
- Городская открытая олимпиада школьников по физике
- Инженерная олимпиада школьников
- Интернет-олимпиада школьников по физике
- Международная олимпиада «Innopolis Open»
- Международная олимпиада школьников Уральского федерального университета «Изумруд»
- Межрегиональная олимпиада школьников имени И.Я. Верченко
- Межрегиональные предметные олимпиады Казанского (Приволжского) федерального университета
- Многопрофильная инженерная олимпиада «Звезда»
- Московская олимпиада школьников
- Олимпиада школьников «Гранит науки»
- Олимпиада школьников «Ломоносов»
- Олимпиада школьников «Надежда энергетики»
- Олимпиада школьников «Покори Воробьевы горы!»
- Олимпиада школьников «Робофест»
- Олимпиада школьников «Физтех»
- Олимпиада школьников «Шаг в будущее»
- Олимпиада школьников по информатике и программированию
- Олимпиада школьников по программированию «ТехноКубок»
- Объединённая межвузовская математическая олимпиада школьников
- Олимпиада Курчатов
- Санкт-Петербургская астрономическая олимпиада
- Санкт-Петербургская олимпиада школьников
- Турнир городов
- Турнир имени М.В. Ломоносова
- Университетская олимпиада школьников «Бельчонок»",,,
Процент профильности (профиль / ФГОС),"52,5",,"68,3",,"62,5",,55,,"73,5",,77,
Первый язык программирования:,1 семестр,,1 семестр,,1 семестр,,1 семестр,,2 семестр,,1 семестр,
Первая практика:,3 курс,,2 курс,,3 курс,,3 курс,,2 курс,,3 курс,
,УЧЕБНЫЕ ПЛАНЫ (программа - когда начинается - сколько часов),,,,,,,,,,,
,Предмет,Начало / Длительность,Предмет,Начало / Длительность,Предмет,Начало / Длительность,Предмет,Начало / Длительность,Предмет,Начало / Длительность,Предмет,Начало / Длительность
,Архитектура компьютера и операционные системы,2 курс — 4 ЗЕТ,Алгоритмы и структуры данных,1 курс — 8 ЗЕТ,История России,1 курс — 4 ЗЕТ,История  России,1 курс — 4 ЗЕТ,Иностранный язык,1 курс — 10 ЗЕТ,Иностранный язык,1 курс — 10 ЗЕТ
,Soft Skills (преподается на иностранном языке),4 курс — 5 ЗЕТ,Дискретная математика,1 курс — 8 ЗЕТ,Философия,2 курс — 2 ЗЕТ,Математический анализ,1 курс — 14 ЗЕТ,История России,1 курс — 4 ЗЕТ,История России,1 курс — 4 ЗЕТ
,Дискретная математика,1 курс — 8 ЗЕТ,Линейная алгебра и геометрия,1 курс — 8 ЗЕТ,Иностранный язык,1 курс — 5 ЗЕТ,Алгебра,1 курс — 12 ЗЕТ,Философия,2 курс — 3 ЗЕТ,Философия,2 курс — 3 ЗЕТ
,Линейная алгебра и геометрия,1 курс — 6 ЗЕТ,Математический анализ,1 курс — 8 ЗЕТ,Безопасность жизнедеятельности,4 курс — 3 ЗЕТ,Дискретная математика,1 курс — 11 ЗЕТ,Основы проектной деятельности,1 курс — 4 ЗЕТ,Безопасность жизнедеятельности,2 курс — 4 ЗЕТ
,Математический анализ,1 курс — 8 ЗЕТ,Общая алгебра,1 курс — 5 ЗЕТ,Концепции современного естествознания,2 курс — 6 ЗЕТ,Языки и методы программирования,1 курс — 9 ЗЕТ,Математический анализ,1 курс — 13 ЗЕТ,Основы проектной деятельности,1 курс — 4 ЗЕТ
,Общая алгебра,1 курс — 6 ЗЕТ,Программирование C/C++,1 курс — 8 ЗЕТ,Математический анализ,1 курс — 20 ЗЕТ,Физическая культура и спорт,1 курс — 2 ЗЕТ,Основы российской государственности,1 курс — 2 ЗЕТ,Математический анализ,1 курс — 22 ЗЕТ
,Методы оптимизации,3 курс — 4 ЗЕТ,Технологии программирования,1 курс — 5 ЗЕТ,Алгебра и геометрия,1 курс — 10 ЗЕТ,Безопасность жизнедеятельности,1 курс — 2 ЗЕТ,Линейная алгебра,1 курс — 4 ЗЕТ,Основы российской государственности,1 курс — 2 ЗЕТ
,Распределенные вычисления,3 курс — 4 ЗЕТ,Архитектура компьютера и операционные системы,2 курс — 3 ЗЕТ,Теория вероятностей и математическая статистика,2 курс — 9 ЗЕТ,Иностранный язык,1 курс — 9 ЗЕТ,Физика,1 курс — 8 ЗЕТ,Алгебра и геометрия,1 курс — 10 ЗЕТ
,Программирование Python,1 курс — 4 ЗЕТ,Программирование Python,2 курс — 3 ЗЕТ,Дискретная математика,1 курс — 3 ЗЕТ,Философия,2 курс — 4 ЗЕТ,Информатика,1 курс — 5 ЗЕТ,Дискретная математика,1 курс — 9 ЗЕТ
,Теория вероятностей и математическая статистика,2 курс — 8 ЗЕТ,Теория вероятностей и математическая статистика,2 курс — 6 ЗЕТ,Математические основы информатики,1 курс — 8 ЗЕТ,Дифференциальные уравнения,2 курс — 7 ЗЕТ,Теория вероятностей и математическая статистика,1 курс — 4 ЗЕТ,Основы программирования,1 курс — 6 ЗЕТ
,Базы Данных (преподается на иностранном языке),2 курс — 6 ЗЕТ,Управление данными,2 курс — 5 ЗЕТ,Теория систем и системный анализ,4 курс — 2 ЗЕТ,Алгоритмы и структуры данных,2 курс — 9 ЗЕТ,Дискретная математика,1 курс — 4 ЗЕТ,Структуры данных и алгоритмы,1 курс — 7 ЗЕТ
,Управление ИТ-проектами,4 курс — 4 ЗЕТ,Программирование Java,2 курс — 4 ЗЕТ,Методы оптимизации,3 курс — 6 ЗЕТ,Архитектура вычислительных систем,2 курс — 3 ЗЕТ,Электротехника,2 курс — 4 ЗЕТ,Физика,2 курс — 10 ЗЕТ
,Обеспечение качества и тестирование,3 курс — 4 ЗЕТ,Функциональное программирование,2 курс — 3 ЗЕТ,Физика,2 курс — 7 ЗЕТ,Базы данных,2 курс — 2 ЗЕТ,Методы оптимизации,2 курс — 4 ЗЕТ,Информатика,2 курс — 5 ЗЕТ
,Конструирование программного обеспечения,3 курс — 4 ЗЕТ,Компьютерные сети,2 курс — 3 ЗЕТ,Основы информационных систем,1 курс — 3 ЗЕТ,Теория вероятностей,3 курс — 3 ЗЕТ,Операционные системы,2 курс — 4 ЗЕТ,Программирование вычислений,2 курс — 5 ЗЕТ
,Проектирование архитектуры программных систем,4 курс — 4 ЗЕТ,Системы технической документации,4 курс — 6 ЗЕТ,"Основы вычислительных систем, сетей и телекоммуникаций",3 курс — 2 ЗЕТ,Численные методы,3 курс — 6 ЗЕТ,Безопасность жизнедеятельности,2 курс — 4 ЗЕТ,Методы построения и анализа алгоритмов,3 курс — 4 ЗЕТ
,Машинное обучение,4 курс — 5 ЗЕТ,Управление ИТ-проектами,4 курс — 7 ЗЕТ,Схемотехника и организация вычислительных систем,2 курс — 3 ЗЕТ,Исследование операций,4 курс — 5 ЗЕТ,Правоведение,2 курс — 3 ЗЕТ,Дифференциальные уравнения,2 курс — 3 ЗЕТ
,Технологии программирования,1 курс — 4 ЗЕТ,Soft Skills,4 курс — 7 ЗЕТ,Операционные системы,1 курс — 3 ЗЕТ,Основы права,2 курс — 2 ЗЕТ,Программирование,1 курс — 9 ЗЕТ,Теория вероятностей и математическая статистика,2 курс — 8 ЗЕТ
,Ряды и кратные интегралы,2 курс — 4 ЗЕТ,Введение в информационную безопасность,3 курс — 3 ЗЕТ,Программирование (С),1 курс — 2 ЗЕТ,Экономика. Основы предпринимательской деятельности,1 курс — 2 ЗЕТ,Основы информационной безопасности,2 курс — 3 ЗЕТ,Правоведение,2 курс — 3 ЗЕТ
,Дополнительные главы линейной алгебры,2 курс — 4 ЗЕТ,Программирование на Java (продвинутый уровень),2 курс — 3 ЗЕТ (выборное),Интеллектуальные информационные системы,2 курс — 4 ЗЕТ,Дополнительные главы математического анализа,2 курс — 3 ЗЕТ,Базы данных,3 курс — 5 ЗЕТ,Численные методы,3 курс — 8 ЗЕТ
,Алгоритмы и структуры данных,1 курс — 8 ЗЕТ,Углубленное программирование на C++,2 курс — 3 ЗЕТ (выборное),Базы данных,1 курс — 3 ЗЕТ,Вероятностные модели,2 курс — 2 ЗЕТ,Информационные сети,2 курс — 7 ЗЕТ,Уравнения математической физики,3 курс — 11 ЗЕТ
,Программирование C/C++,1 курс — 4 ЗЕТ,Научно-исследовательский семинар,2 курс — 3 ЗЕТ,Физическая культура и спорт,1 курс — 2 ЗЕТ,Теория вероятностей и математическая статистика,3 курс — 4 ЗЕТ,Основы личностной и коммуникативной культуры,1 курс — 3 ЗЕТ,Методы оптимизации,3 курс — 3 ЗЕТ
,Разработка и анализ требований,3 курс — 3 ЗЕТ,Научно-исследовательский семинар (на иностранном языке),3 курс — 3 ЗЕТ,Экономика,4 курс — 2 ЗЕТ,Функциональный анализ,3 курс — 4 ЗЕТ,Культура научной и деловой речи,1 курс — 1 ЗЕТ (выборное),Технологии баз данных,4 курс — 4 ЗЕТ
,Введение в рекомендательные системы,3 курс — 4 ЗЕТ,Проектный семинар (на иностранном языке),4 курс — 3 ЗЕТ,Практикум по математическому анализу,1 курс — 4 ЗЕТ,Комплексный анализ,3 курс — 4 ЗЕТ,Культура и личность,1 курс — 1 ЗЕТ (выборное),Основы личностной и коммуникативной культуры,1 курс — 3 ЗЕТ
,Машинное обучение на графах,4 курс — 6 ЗЕТ,Имитационное моделирование,"3 курс — 3 ЗЕТ (выборное, специализация 1)",Введение в проектную деятельность,1 курс — 2 ЗЕТ,Психология и педагогика,2 курс — 2 ЗЕТ,Управление проектами,4 курс — 4 ЗЕТ,Культура научной и деловой речи,1 курс — 1 ЗЕТ (выборное)
,Обработка естественного языка,3 курс — 4 ЗЕТ,Теория организации,"3 курс — 3 ЗЕТ (выборное, специализация 1)",Практикум по алгебре и геометрии,1 курс — 6 ЗЕТ,Уравнения математической физики,3 курс — 8 ЗЕТ,Разработка программных приложений и WEB-программирование,3 курс — 7 ЗЕТ,Культура и личность,1 курс — 1 ЗЕТ (выборное)
,Основы компьютерного зрения. Библиотека OpenCV (преподается на иностранном языке),3 курс — 3 ЗЕТ,Архитектура предприятия,"4 курс — 3 ЗЕТ (выборное, специализация 1)",Основы российской государственности,1 курс — 2 ЗЕТ,Практикум по математическому анализу,1 курс — 3 ЗЕТ,Технологии и методы программирования,2 курс — 4 ЗЕТ,Операционные системы и компьютерные сети,2 курс — 6 ЗЕТ
,Рекомендательные системы +,4 курс — 5 ЗЕТ,Предпринимательство,"3 курс — 3 ЗЕТ (выборное, специализация 1)",Дифференциальные уравнения,2 курс — 7 ЗЕТ,Введение в проектную деятельность,1 курс — 2 ЗЕТ,"Интерфейс ""Человек - электронные вычислительные машины""",4 курс — 3 ЗЕТ,Языки программирования и методы трансляции,3 курс — 5 ЗЕТ
,Практические аспекты применения искусственного интеллекта,4 курс — 4 ЗЕТ,Управление требованиями и проектирование информационных систем (на иностранном языке),"3 курс — 3 ЗЕТ (выборное, специализация 1)",Теория автоматов и формальные грамматики,2 курс — 4 ЗЕТ,Основы теории вычислений,2 курс — 3 ЗЕТ,Компьютерная графика,2 курс — 6 ЗЕТ,Введение в искусственный интеллект и логическое программирование,3 курс — 3 ЗЕТ
,Процессы разработки и бизнес-аспекты искусственного интеллекта,4 курс — 6 ЗЕТ,Введение в информационную безопасность,"3 курс — 3 ЗЕТ (выборное, специализация 1)",Основы алгоритмизации,1 курс — 4 ЗЕТ,Практикум по  дополнительным главам математического анализа,2 курс — 2 ЗЕТ,Вычислительная математика,2 курс — 4 ЗЕТ,Управление ресурсами в вычислительных системах,3 курс — 3 ЗЕТ
,Введение в сетевой анализ и машинное обучение на графах,3 курс — 4 ЗЕТ,Теория и практика тестирования ИС (на иностранном языке),"4 курс — 3 ЗЕТ (выборное, специализация 1)",Прикладные задачи принятия решения,3 курс — 3 ЗЕТ,Основы российской государственности,1 курс — 2 ЗЕТ,Периферийные устройства информационных систем,4 курс — 3 ЗЕТ,Математическое моделирование управляемых систем,4 курс — 4 ЗЕТ
,"Научно-исследовательский семинар ""Введение в специальность""",1 курс — 3 ЗЕТ,Управление качеством ИС,"4 курс — 4 ЗЕТ (выборное, специализация 1)",Низкоуровневое программирование,4 курс — 4 ЗЕТ,Линейное программирование,3 курс — 2 ЗЕТ,Предметноориентированные информационные системы,3 курс — 4 ЗЕТ,Математические модели в естествознании,3 курс — 4 ЗЕТ
,"Научно-исследовательский семинар ""Численные методы""",2 курс — 3 ЗЕТ,Разработка на бизнес-ориентированных языках программирования и Low-Code системы,"4 курс — 3 ЗЕТ (выборное, специализация 1)",Шаблоны проектирования,4 курс — 5 ЗЕТ,Физика,3 курс — 4 ЗЕТ,Архитектура средств вычислительной техники,3 курс — 4 ЗЕТ,Современные технологии программирования,4 курс — 4 ЗЕТ
,"Научно-исследовательский семинар ""Дифференциальные уравнения""",2 курс — 3 ЗЕТ,Финансовый и управленческий учет,"3 курс — 3 ЗЕТ (выборное, специализация 1)",Компьютерное геометрическое моделирование,3 курс — 2 ЗЕТ,Теория управления,3 курс — 14 ЗЕТ,Программная инженерия,4 курс — 4 ЗЕТ,Нейросети,4 курс — 3 ЗЕТ (выборное)
,"Научно-исследовательский семинар ""Введение в машинное обучение""",2 курс — 3 ЗЕТ,Электронные платежные средства (на иностранном языке),"4 курс — 3 ЗЕТ (выборное, специализация 1)",Логические основы электронно-вычислительных машин,2 курс — 2 ЗЕТ,Методы оптимизации,4 курс — 5 ЗЕТ,Теория формальных языков и компиляторов,3 курс — 4 ЗЕТ,Интеллектуальные системы,4 курс — 3 ЗЕТ (выборное)
,"Научно-исследовательский семинар ""Введение в компьютерное зрение""",2 курс — 3 ЗЕТ,Эконометрика,"3 курс — 3 ЗЕТ (выборное, специализация 1)",Разработка Windows приложений,2 курс — 3 ЗЕТ,Математическая логика,4 курс — 4 ЗЕТ,Методы анализа данных,4 курс — 4 ЗЕТ,Цифровые модели и оценивание параметров,4 курс — 4 ЗЕТ (выборное)
,"Научно-практический семинар ""Цифровая грамотность""",1 курс — 2 ЗЕТ,Теория и история менеджмента,"3 курс — 3 ЗЕТ (выборное, специализация 1)",Высокоуровневые методы программирования,3 курс — 3 ЗЕТ,Термодинамика,4 курс — 3 ЗЕТ,Системы искусственного интеллекта и машинное обучение,4 курс — 4 ЗЕТ,Статистические методы анализа данных,4 курс — 4 ЗЕТ (выборное)
,Учебная практика,2 курс — 1 ЗЕТ,Стратегический менеджмент,"3 курс — 3 ЗЕТ (выборное, специализация 1)",Распознавание образов,4 курс — 4 ЗЕТ,Системный анализ,4 курс — 2 ЗЕТ,Исследование операций,3 курс — 5 ЗЕТ,Метод конечных элементов,4 курс — 5 ЗЕТ (выборное)
,Производственная практика,3 курс — 5 ЗЕТ,Производственный менеджмент,"4 курс — 3 ЗЕТ (выборное, специализация 1)",Моделирование информационных процессов и систем,3 курс — 4 ЗЕТ,Проектная деятельность в сфере прикладной математики и информатики,3 курс — 2 ЗЕТ,Основы теории управления,3 курс — 4 ЗЕТ,Планирование и анализ эксперимента,4 курс — 5 ЗЕТ (выборное)
,Преддипломная практика,4 курс — 6 ЗЕТ,Дизайн-мышление,"4 курс — 3 ЗЕТ (выборное, специализация 1)",Объектно-ориентированное программирование,2 курс — 4 ЗЕТ,Практикум по численным методам,3 курс — 3 ЗЕТ,Моделирование,2 курс — 3 ЗЕТ,Компьютерная графика,4 курс — 4 ЗЕТ (выборное)
,Курсовая работа,2 курс — 3 ЗЕТ,Моделирование бизнес-процессов,"3 курс — 3 ЗЕТ (выборное, специализация 1)","WEB-технологии, web-приложения",3 курс — 3 ЗЕТ,Введение в специальность,2 курс — 3 ЗЕТ,Электронный бизнес,3 курс — 3 ЗЕТ,Статистический анализ нечисловых данных,4 курс — 4 ЗЕТ (выборное)
,Курсовая исследовательская работа,3 курс — 3 ЗЕТ,Математический анализ 2,"3 курс — 4 ЗЕТ (выборное, специализация 2)",Информационная безопасность,4 курс — 2 ЗЕТ,Общая физика (выборное),2 курс — 4 ЗЕТ,Системный анализ,4 курс — 4 ЗЕТ,Элементы современных компьютеров и технологии программирования,4 курс — 3 ЗЕТ (выборное)
,Проект,2–4 курс — 12 ЗЕТ,Дифференциальные уравнения (на иностранном языке),"3 курс — 4 ЗЕТ (выборное, специализация 2)",Программная инженерия,4 курс — 5 ЗЕТ,Теоретическая механика (выборное),2 курс — 4 ЗЕТ,Математические методы в экономике,3 курс — 4 ЗЕТ,Методы принятия оптимальных решений,4 курс — 3 ЗЕТ (выборное)
,Подготовка выпускной квалификационной работы,4 курс — 6 ЗЕТ,Вычислительная линейная алгебра,"4 курс — 4 ЗЕТ (выборное, специализация 2)",Теория вычислимости,3 курс — 3 ЗЕТ,Концепции современного естествознания (выборное),2 курс — 2 ЗЕТ,Методы машинного обучения и локального поиска,4 курс — 3 ЗЕТ,Основы криптографии,3 курс — 3 ЗЕТ (выборное)
,Безопасность жизнедеятельности,1 курс — 1 ЗЕТ,Матричные вычисления (на иностранном языке),"4 курс — 3 ЗЕТ (выборное, специализация 2)",Численные методы,3 курс — 3 ЗЕТ,Прикладной тензорный анализ (выборное),2 курс — 2 ЗЕТ,Проектирование информационных систем и технологий,4 курс — 4 ЗЕТ (выборное),Основы теории информации и криптографии,3 курс — 3 ЗЕТ (выборное)
,Физическая культура,2 курс — 1 ЗЕТ,Прикладная теория графов,"4 курс — 3 ЗЕТ (выборное, специализация 2)",Введение в проектную деятельность в сфере прикладной информатики,3 курс — 2 ЗЕТ,Современное естествознание (выборное),3 курс — 5 ЗЕТ,Программное обеспечение информационных систем,4 курс — 4 ЗЕТ (выборное),Разработка объектно-ориентированных программ с использованием С#/C++,3 курс — 3 ЗЕТ (выборное)
,Правовая грамотность,2 курс — 3 ЗЕТ,Алгоритмы работы с внешней памятью,"4 курс — 3 ЗЕТ (выборное, специализация 2)",Расчет ресурсных характеристик конструктивных элементов с использованием программного продукта Логос (выборное),3 курс — 4 ЗЕТ,Математические модели современного естествознания (выборное),3 курс — 5 ЗЕТ,Обработка сигналов,3 курс — 3 ЗЕТ (выборное),Объектно-ориентированное программирование,3 курс — 3 ЗЕТ (выборное)
,Экономика,4 курс — 3 ЗЕТ,Архитектура вычислительных систем,"4 курс — 3 ЗЕТ (выборное, специализация 2)",Задачи оптимизации на графах (выборное),3 курс — 4 ЗЕТ,Вычислительная геометрия (выборное),3 курс — 2 ЗЕТ,Теория случайных процессов,3 курс — 3 ЗЕТ (выборное),"Численное моделирование динамических систем, описываемых ОДУ",3 курс — 3 ЗЕТ (выборное)
,История России,1 курс — 4 ЗЕТ,Введение в процедуры множественной проверки гипотез,"3 курс — 3 ЗЕТ (выборное, специализация 2)",Моделирование течений жидкости и газа методами вычислительной гидроаэродинамики (выборное),3 курс — 3 ЗЕТ,Биоинспирированные методы оптимизации (выборное),3 курс — 2 ЗЕТ,Модели организационных систем,3 курс — 3 ЗЕТ (выборное),Численное решение начальных и краевых задач для ОДУ,3 курс — 3 ЗЕТ (выборное)
,Основы российской государственности,1 курс — 2 ЗЕТ,Распределенные вычисления,"4 курс — 3 ЗЕТ (выборное, специализация 2)",Многопоточное программирование (выборное),3 курс — 3 ЗЕТ,Параллельное программирование для кластерных систем (выборное),3 курс — 2 ЗЕТ,Математическая экономика,3 курс — 3 ЗЕТ (выборное),Создание современных кроссплатформенных приложений на основе web-технологий,3 курс — 3 ЗЕТ (выборное)
,Minor,2–3 курс — 20 ЗЕТ (выборное),Исследование операций,"3 курс — 4 ЗЕТ (выборное, специализация 2)",Моделирование высокоскоростного удара с грунтом в среде моделирования ЛОГОС (выборное),4 курс — 4 ЗЕТ,Вероятностные модели в финансовой математике (выборное),3 курс — 2 ЗЕТ,Параллельное программирование,3 курс — 3 ЗЕТ (выборное),Разработка web-приложений и распределенных информационных систем,3 курс — 3 ЗЕТ (выборное)
,Независимый экзамен по английскому языку,— без ЗЕТ,Риски и случайные процессы,"3 курс — 3 ЗЕТ (выборное, специализация 2)","Пользовательский интерфейс - разработка, тестирование (выборное)",4 курс — 4 ЗЕТ,Введение в биоинформатику (выборное),3 курс — 2 ЗЕТ,Машинные языки и программирование,3 курс — 3 ЗЕТ (выборное),Введение в архитектуру компьютера,2 курс — 3 ЗЕТ (выборное)
,Подготовка и защита Project Proposal по теме ВКР,4 курс — 1 ЗЕТ,Непрерывные методы оптимизации,"3 курс — 3 ЗЕТ (выборное, специализация 2)",Численное моделирование поведения пороупругих тел и сред (выборное),4 курс — 3 ЗЕТ,Современные архитектуры глубоких нейронных сетей и подходы к их обучению (выборное),3 курс — 2 ЗЕТ,Экономика и управление производственными системами,3 курс — 3 ЗЕТ,Архитектура электронно-вычислительных машин и вычислительных систем,2 курс — 3 ЗЕТ (выборное)
,Независимый экзамен по русскому языку,— без ЗЕТ,Моделирование финансовых операций (на иностранном языке),"3 курс — 4 ЗЕТ (выборное, специализация 2)",Модели и алгоритмы систем информационной поддержки жизненного цикла изделий (выборное),4 курс — 3 ЗЕТ,Целочисленное программирование (выборное),3 курс — 3 ЗЕТ,Экономика предприятия,3 курс — 1 ЗЕТ (выборное),Экономика и управление производственными системами,4 курс — 3 ЗЕТ
,Внутренний экзамен по английскому языку (1 курс),— без ЗЕТ,Алгоритмы исследования операций,"3 курс — 4 ЗЕТ (выборное, специализация 2)",Решение задач в модуле ЛОГОС Тепло (выборное),4 курс — 5 ЗЕТ,Управление колебаниями динамических систем (выборное),3 курс — 3 ЗЕТ,Управление производственными системами,3 курс — 1 ЗЕТ (выборное),Экономика предприятия,4 курс — 1 ЗЕТ (выборное)
,Английский язык (преподается на иностранном языке),1–2 курс — 14 ЗЕТ (факультатив),Стохастические модели принятия решений,"3 курс — 4 ЗЕТ (выборное, специализация 2)",Основы методов анализа предметных областей (выборное),4 курс — 5 ЗЕТ,Операционные системы (выборное),3 курс — 3 ЗЕТ,Физическая культура и спорт,1 курс — 2 ЗЕТ,Управление производственными системами,4 курс — 1 ЗЕТ (выборное)
,Академическое письмо на английском языке (преподается на иностранном языке),4 курс — 2 ЗЕТ (факультатив),Распределенные вычисления,"3 курс — 4 ЗЕТ (выборное, специализация 3)",Ознакомительная практика,3 курс — 7 ЗЕТ,Компьютерное моделирование вероятностных процессов (выборное),3 курс — 3 ЗЕТ,Учебная практика: ознакомительная практика,1 курс — 3 ЗЕТ,Физическая культура и спорт,1 курс — 2 ЗЕТ
,Независимый экзамен по алгоритмическому мышлению и программированию. Продвинутый уровень,— без ЗЕТ,Проектирование архитектуры программных систем (на иностранном языке),"3 курс — 3 ЗЕТ (выборное, специализация 3)",Технологическая (проектно-технологическая) практика,3 курс — 3 ЗЕТ,Введение в нелинейную динамику (выборное),3 курс — 3 ЗЕТ,Учебная практика: технологическая (проектно-технологическая) практика,3 курс — 3 ЗЕТ,Учебная практика: ознакомительная практика,3 курс — 2 ЗЕТ
,"Независимый экзамен по анализу данных, искусственному интеллекту и генеративным моделям. Продвинутый уровень",3 курс — 1 ЗЕТ,Проектирование отказоустойчивых систем,"4 курс — 3 ЗЕТ (выборное, специализация 3)",Научно-исследовательская работа,4 курс — 6 ЗЕТ,Информационная нейродинамика.  Сосредоточенные системы (выборное),3 курс — 3 ЗЕТ,Производственная практика: научно-исследовательская работа,4 курс — 5 ЗЕТ,Учебная практика: технологическая (проектно-технологическая) практика,4 курс — 3 ЗЕТ
,Анализ данных (продвинутый уровень),3 курс — 3 ЗЕТ,Введение в blockchain (на иностранном языке),"4 курс — 3 ЗЕТ (выборное, специализация 3)",Преддипломная практика,4 курс — 6 ЗЕТ,Оптимальное управление динамическими системами (выборное),3 курс — 2 ЗЕТ,Производственная практика: преддипломная (технологическая) практика,4 курс — 14 ЗЕТ,Производственная практика: технологическая (проектно-технологическая) практика,4 курс — 3 ЗЕТ
,Независимый экзамен по ИИ-грамотности,— без ЗЕТ,Разработка мобильных приложений,"3 курс — 3 ЗЕТ (выборное, специализация 3)",Выпускная квалификационная работа - бакалаврская работа,4 курс — 9 ЗЕТ,Дискретная оптимизация (выборное),3 курс — 2 ЗЕТ,Выполнение и защита выпускной квалификационной работы,4 курс — 9 ЗЕТ,Производственная практика: преддипломная практика,4 курс — 7 ЗЕТ
,Защита выпускной квалификационной работы,4 курс — 1 ЗЕТ,Методы и технологии DevOps,"3 курс — 4 ЗЕТ (выборное, специализация 3)",Распределение ограниченных ресурсов в сетевых детерминированных системах,3 курс — 1 ЗЕТ,Инструменты программирования (выборное),3 курс — 2 ЗЕТ,Иностранный язык (для продолжающих обучение),2 курс — 7 ЗЕТ (факультатив),Выполнение и защита выпускной квалификационной работы,4 курс — 9 ЗЕТ
,,,Low-Code системы разработки приложений (на иностранном языке),"4 курс — 3 ЗЕТ (выборное, специализация 3)",Распределение ограниченных ресурсов в сетевых стохастических системах,3 курс — 1 ЗЕТ,Теория выбора и принятия решений (выборное),3 курс — 2 ЗЕТ,Введение в компьютерное зрение,3 курс — 2 ЗЕТ (факультатив),Проектная деятельность,2 курс — 10 ЗЕТ (факультатив)
,,,Анализ и разработка требований,"3 курс — 3 ЗЕТ (выборное, специализация 3)",Проектирование Startup,4 курс — 1 ЗЕТ,Численное моделирование динамики распределенных систем (выборное),3 курс — 2 ЗЕТ,Проектная деятельность,2 курс — 9 ЗЕТ (факультатив),Функциональный анализ,2 курс — 3 ЗЕТ (факультатив)
,,,Обеспечение качества и тестирование,"3 курс — 5 ЗЕТ (выборное, специализация 3)",Задачи нумерации вершин графов,4 курс — 1 ЗЕТ,Модели и задачи управления роботами-манипуляторами (выборное),3 курс — 2 ЗЕТ,Индустриальный интернет вещей,4 курс — 2 ЗЕТ (факультатив),,
,,,Безопасность компьютерных систем (на иностранном языке),"4 курс — 3 ЗЕТ (выборное, специализация 3)",Распознавание изображений,4 курс — 1 ЗЕТ,Математические модели процессов отбора (выборное),3 курс — 3 ЗЕТ,,,,
,,,Проектирование интерфейсов (UI/UX),"3 курс — 3 ЗЕТ (выборное, специализация 3)",,,Теория графов (выборное),3 курс — 3 ЗЕТ,,,,
,,,Веб-программирование (на иностранном языке),"3 курс — 5 ЗЕТ (выборное, специализация 3)",,,Параллельное программирование для систем с общей памятью (выборное),3 курс — 3 ЗЕТ,,,,
,,,Многопоточное программирование (на иностранном языке),"4 курс — 3 ЗЕТ (выборное, специализация 3)",,,Дополнительные главы теории вероятностей (выборное),3 курс — 3 ЗЕТ,,,,
,,,Методы и системы обработки больших данных,"4 курс — 3 ЗЕТ (выборное, специализация 3)",,,Качественные методы нелинейной динамики (выборное),3 курс — 3 ЗЕТ,,,,
,,,Алгоритмы и структуры данных 2,"4 курс — 4 ЗЕТ (выборное, специализация 3)",,,Информационная нейродинамика. Распределенные системы (выборное),3 курс — 3 ЗЕТ,,,,
,,,Моделирование бизнес-процессов,"3 курс — 3 ЗЕТ (выборное, специализация 4)",,,Методы моделирования и прикладной анализ данных (выборное),4 курс — 2 ЗЕТ,,,,
,,,Теория организации,"3 курс — 3 ЗЕТ (выборное, специализация 4)",,,Теория кодирования (выборное),4 курс — 2 ЗЕТ,,,,
,,,Имитационное моделирование,"3 курс — 3 ЗЕТ (выборное, специализация 4)",,,Основы компьютерного зрения (выборное),4 курс — 2 ЗЕТ,,,,
,,,Автоматизация сквозных процессов производственного предприятия (Postmodern ERP) (на иностранном языке),"4 курс — 3 ЗЕТ (выборное, специализация 4)",,,Статистика случайных процессов (выборное),4 курс — 2 ЗЕТ,,,,
,,,Архитектура предприятия,"4 курс — 3 ЗЕТ (выборное, специализация 4)",,,Асимптотические методы теории колебаний и волн (выборное),4 курс — 2 ЗЕТ,,,,
,,,Управление требованиями и проектирование информационных систем,"3 курс — 3 ЗЕТ (выборное, специализация 4)",,,Математические методы нейродинамики (выборное),4 курс — 2 ЗЕТ,,,,
,,,Корпоративные информационные системы (на иностранном языке),"3 курс — 3 ЗЕТ (выборное, специализация 4)",,,Прикладной функциональный анализ (выборное),4 курс — 2 ЗЕТ,,,,
,,,Предпринимательство,"3 курс — 3 ЗЕТ (выборное, специализация 4)",,,Комбинаторный анализ (выборное),4 курс — 2 ЗЕТ,,,,
,,,Управление качеством ИС (на иностранном языке),"4 курс — 3 ЗЕТ (выборное, специализация 4)",,,Профессиональный C++ (выборное),4 курс — 2 ЗЕТ,,,,
,,,Информационные технологии для повышения эффективности бизнеса в экосистеме 1С,"4 курс — 3 ЗЕТ (выборное, специализация 4)",,,Вероятностные модели в теории очередей (выборное),4 курс — 2 ЗЕТ,,,,
,,,Разработка на бизнес-ориентированных языках программирования и Low-Code системы (на иностранном языке),"4 курс — 3 ЗЕТ (выборное, специализация 4)",,,Алгоритмы распознавания образов (выборное),4 курс — 2 ЗЕТ,,,,
,,,Практикум по ERP- и CRM-системам (на иностранном языке),"3 курс — 3 ЗЕТ (выборное, специализация 4)",,,Введение в квантовые алгоритмы (выборное),4 курс — 2 ЗЕТ,,,,
,,,Компьютерная безопасность,"3 курс — 3 ЗЕТ (выборное, специализация 4)",,,Машинное обучение и анализ данных (выборное),4 курс — 3 ЗЕТ,,,,
,,,Стратегический менеджмент,"3 курс — 3 ЗЕТ (выборное, специализация 4)",,,Физические основы вычислительной техники (выборное),4 курс — 3 ЗЕТ,,,,
,,,Производственный менеджмент,"4 курс — 4 ЗЕТ (выборное, специализация 4)",,,Математическое моделирование и прикладной анализ данных (выборное),4 курс — 2 ЗЕТ,,,,
,,,Финансовый и управленческий учет,"3 курс — 3 ЗЕТ (выборное, специализация 4)",,,Помехоустойчивое кодирование (выборное),4 курс — 2 ЗЕТ,,,,
,,,Системы финансового планирования и бюджетирования,"4 курс — 3 ЗЕТ (выборное, специализация 4)",,,Разработка сетевых приложений на Java (выборное),4 курс — 2 ЗЕТ,,,,
,,,Архитектура вычислительных систем,"3 курс — 3 ЗЕТ (выборное, специализация 5)",,,Теория массового обслуживания (выборное),4 курс — 2 ЗЕТ,,,,
,,,Управление жизненным циклом ИС поддержки принятия решений,"3 курс — 3 ЗЕТ (выборное, специализация 5)",,,Численные методы в биофотонике (выборное),4 курс — 2 ЗЕТ,,,,
,,,Предпринимательство,"3 курс — 3 ЗЕТ (выборное, специализация 5)",,,Введение в теорию волновых процессов (выборное),4 курс — 2 ЗЕТ,,,,
,,,Управление и моделирование в информационных системах поддержки принятия решений (на иностранном языке),"3 курс — 3 ЗЕТ (выборное, специализация 5)",,,Теория меры (выборное),4 курс — 2 ЗЕТ,,,,
,,,Управление качеством ИС поддержки принятия решений,"4 курс — 3 ЗЕТ (выборное, специализация 5)",,,Компьютерная алгебра (выборное),4 курс — 2 ЗЕТ,,,,
,,,Компьютерная безопасность,"4 курс — 3 ЗЕТ (выборное, специализация 5)",,,Системы поддержки принятия решений (выборное),4 курс — 2 ЗЕТ,,,,
,,,Проектирование человеко-машинных интерфейсов (на иностранном языке),"4 курс — 3 ЗЕТ (выборное, специализация 5)",,,Вероятностные модели в естествознании (выборное),4 курс — 2 ЗЕТ,,,,
,,,Теория организации,"3 курс — 3 ЗЕТ (выборное, специализация 5)",,,Математические методы биоинформатики (выборное),4 курс — 2 ЗЕТ,,,,
,,,Исследование операций,"3 курс — 3 ЗЕТ (выборное, специализация 5)",,,Качественные методы исследования динамических систем (выборное),4 курс — 2 ЗЕТ,,,,
,,,Стратегический менеджмент,"3 курс — 3 ЗЕТ (выборное, специализация 5)",,,Технологическая (проектно-технологическая) практика,3 курс — 3 ЗЕТ,,,,
,,,Модели принятия решений на основе лингвистической информации (на иностранном языке),"3 курс — 3 ЗЕТ (выборное, специализация 5)",,,Научно-исследовательская работа,3 курс — 6 ЗЕТ,,,,
,,,Стохастические модели принятия решений,"3 курс — 3 ЗЕТ (выборное, специализация 5)",,,Преддипломная практика,4 курс — 6 ЗЕТ,,,,
,,,Методы и системы обработки больших данных (на иностранном языке),"4 курс — 4 ЗЕТ (выборное, специализация 5)",,,Выпускная квалификационная работа - бакалаврская работа,4 курс — 6 ЗЕТ,,,,
,,,Абстрактная алгебра,"3 курс — 3 ЗЕТ (выборное, специализация 5)",,,Проектирование Startup,4 курс — 1 ЗЕТ,,,,
,,,Системный анализ (на иностранном языке),"4 курс — 3 ЗЕТ (выборное, специализация 5)",,,Эффективные алгоритмы и структуры данных,1 курс — 8 ЗЕТ,,,,
,,,Системы финансового планирования и бюджетирования,"4 курс — 3 ЗЕТ (выборное, специализация 5)",,,Олимпиадная математика,1 курс — 1 ЗЕТ,,,,
,,,Дизайн-мышление,"4 курс — 3 ЗЕТ (выборное, специализация 5)",,,Оптимизация производительности программ,3 курс — 1 ЗЕТ,,,,
,,,Программирование встраиваемых систем (на иностранном языке),"3 курс — 4 ЗЕТ (выборное, специализация 6)",,,Компьютерная графика,3 курс — 2 ЗЕТ,,,,
,,,Распределенные вычисления,"3 курс — 3 ЗЕТ (выборное, специализация 6)",,,,,,,,
,,,Многопоточное программирование (на иностранном языке),"4 курс — 3 ЗЕТ (выборное, специализация 6)",,,,,,,,
,,,Анализ и разработка требований,"3 курс — 3 ЗЕТ (выборное, специализация 6)",,,,,,,,
,,,Проектирование отказоустойчивых систем (на иностранном языке),"3 курс — 4 ЗЕТ (выборное, специализация 6)",,,,,,,,
,,,Проектирование интерфейсов (UI/UX),"3 курс — 4 ЗЕТ (выборное, специализация 6)",,,,,,,,
,,,Сетевые технологии,"3 курс — 5 ЗЕТ (выборное, специализация 6)",,,,,,,,
,,,Компьютерная безопасность,"3 курс — 3 ЗЕТ (выборное, специализация 6)",,,,,,,,
,,,Облачные технологии IoT,"4 курс — 4 ЗЕТ (выборное, специализация 6)",,,,,,,,
,,,Управление качеством ИС (на иностранном языке),"4 курс — 3 ЗЕТ (выборное, специализация 6)",,,,,,,,
,,,Исследование операций,"3 курс — 4 ЗЕТ (выборное, специализация 6)",,,,,,,,
,,,Интеллектуальный анализ данных (на иностранном языке),"4 курс — 3 ЗЕТ (выборное, специализация 6)",,,,,,,,
,,,Стохастические модели принятия решений,"4 курс — 3 ЗЕТ (выборное, специализация 6)",,,,,,,,
,,,Производственный менеджмент,"4 курс — 3 ЗЕТ (выборное, специализация 6)",,,,,,,,
,,,Разработка системных интерфейсов для промышленного интернета вещей,"4 курс — 3 ЗЕТ (выборное, специализация 6)",,,,,,,,
,,,Учебная практика,2 курс — 3 ЗЕТ,,,,,,,,
,,,Преддипломная практика,4 курс — 6 ЗЕТ,,,,,,,,
,,,Производственная практика,3 курс — 3 ЗЕТ,,,,,,,,
,,,Курсовая работа,3 курс — 3 ЗЕТ,,,,,,,,
,,,Курсовая междисциплинарная научно-исследовательская работа,2 курс — 3 ЗЕТ,,,,,,,,
,,,Проект,4 курс — 10 ЗЕТ,,,,,,,,
,,,Подготовка выпускной квалификационной работы,4 курс — 2 ЗЕТ,,,,,,,,
,,,Безопасность жизнедеятельности,1 курс — 1 ЗЕТ,,,,,,,,
,,,Физическая культура,2 курс — 1 ЗЕТ,,,,,,,,
,,,Правовая грамотность,2 курс — 3 ЗЕТ,,,,,,,,
,,,Философия,4 курс — 3 ЗЕТ,,,,,,,,
,,,История России,1 курс — 4 ЗЕТ,,,,,,,,
,,,Основы российской государственности,1 курс — 2 ЗЕТ,,,,,,,,
,,,Minor,2–3 курс — 20 ЗЕТ (выборное),,,,,,,,
,,,Независимый экзамен по английскому языку,— без ЗЕТ,,,,,,,,
,,,Подготовка и защита Project Proposal по теме ВКР,4 курс — 1 ЗЕТ,,,,,,,,
,,,Независимый экзамен по русскому языку,— без ЗЕТ,,,,,,,,
,,,Внутренний экзамен по английскому языку (1 курс),— без ЗЕТ,,,,,,,,
,,,Английский язык (на иностранном языке),1 курс — 14 ЗЕТ (факультатив),,,,,,,,
,,,Академическое письмо на английском языке,4 курс — 2 ЗЕТ (факультатив),,,,,,,,
,,,Независимый экзамен по алгоритмическому мышлению и программированию. Продвинутый уровень,— без ЗЕТ,,,,,,,,
,,,"Независимый экзамен по анализу данных, искусственному интеллекту и генеративным моделям. Продвинутый уровень",3 курс — 1 ЗЕТ,,,,,,,,
,,,Анализ данных и машинное обучение,3 курс — 3 ЗЕТ,,,,,,,,
,,,Научно-практический семинар «Цифровая грамотность»,1 курс — 3 ЗЕТ,,,,,,,,
,,,Алгоритмы и структуры данных (доп. главы),2 курс — 3 ЗЕТ,,,,,,,,
,,,Независимый экзамен по ИИ-грамотности,— без ЗЕТ,,,,,,,,
,,,Защита выпускной квалификационной работы,4 курс — 1 ЗЕТ,,,,,,,,